"filename", "language", "JavaScript", "JSON", "TypeScript", "HTML", "CSS", "YAML", "Markdown", "Batch", "PowerShell", "XML", "comment", "blank", "total"
"g:\School of code\SOC lessons\End Project Files\ENDPROJ\TheHackitectsFinalProjects\myapp\.github\workflows\playwright.yml", "YAML", 0, 0, 0, 0, 0, 27, 0, 0, 0, 0, 0, 1, 28
"g:\School of code\SOC lessons\End Project Files\ENDPROJ\TheHackitectsFinalProjects\myapp\README.md", "Markdown", 0, 0, 0, 0, 0, 0, 38, 0, 0, 0, 0, 33, 71
"g:\School of code\SOC lessons\End Project Files\ENDPROJ\TheHackitectsFinalProjects\myapp\nodemodulesold\.bin\acorn.cmd", "Batch", 0, 0, 0, 0, 0, 0, 0, 15, 0, 0, 0, 3, 18
"g:\School of code\SOC lessons\End Project Files\ENDPROJ\TheHackitectsFinalProjects\myapp\nodemodulesold\.bin\acorn.ps1", "PowerShell", 0, 0, 0, 0, 0, 0, 0, 0, 22, 0, 5, 2, 29
"g:\School of code\SOC lessons\End Project Files\ENDPROJ\TheHackitectsFinalProjects\myapp\nodemodulesold\.bin\ansi-html.cmd", "Batch", 0, 0, 0, 0, 0, 0, 0, 15, 0, 0, 0, 3, 18
"g:\School of code\SOC lessons\End Project Files\ENDPROJ\TheHackitectsFinalProjects\myapp\nodemodulesold\.bin\ansi-html.ps1", "PowerShell", 0, 0, 0, 0, 0, 0, 0, 0, 22, 0, 5, 2, 29
"g:\School of code\SOC lessons\End Project Files\ENDPROJ\TheHackitectsFinalProjects\myapp\nodemodulesold\.bin\autoprefixer.cmd", "Batch", 0, 0, 0, 0, 0, 0, 0, 15, 0, 0, 0, 3, 18
"g:\School of code\SOC lessons\End Project Files\ENDPROJ\TheHackitectsFinalProjects\myapp\nodemodulesold\.bin\autoprefixer.ps1", "PowerShell", 0, 0, 0, 0, 0, 0, 0, 0, 22, 0, 5, 2, 29
"g:\School of code\SOC lessons\End Project Files\ENDPROJ\TheHackitectsFinalProjects\myapp\nodemodulesold\.bin\browserslist.cmd", "Batch", 0, 0, 0, 0, 0, 0, 0, 15, 0, 0, 0, 3, 18
"g:\School of code\SOC lessons\End Project Files\ENDPROJ\TheHackitectsFinalProjects\myapp\nodemodulesold\.bin\browserslist.ps1", "PowerShell", 0, 0, 0, 0, 0, 0, 0, 0, 22, 0, 5, 2, 29
"g:\School of code\SOC lessons\End Project Files\ENDPROJ\TheHackitectsFinalProjects\myapp\nodemodulesold\.bin\color-support.cmd", "Batch", 0, 0, 0, 0, 0, 0, 0, 15, 0, 0, 0, 3, 18
"g:\School of code\SOC lessons\End Project Files\ENDPROJ\TheHackitectsFinalProjects\myapp\nodemodulesold\.bin\color-support.ps1", "PowerShell", 0, 0, 0, 0, 0, 0, 0, 0, 22, 0, 5, 2, 29
"g:\School of code\SOC lessons\End Project Files\ENDPROJ\TheHackitectsFinalProjects\myapp\nodemodulesold\.bin\css-blank-pseudo.cmd", "Batch", 0, 0, 0, 0, 0, 0, 0, 15, 0, 0, 0, 3, 18
"g:\School of code\SOC lessons\End Project Files\ENDPROJ\TheHackitectsFinalProjects\myapp\nodemodulesold\.bin\css-blank-pseudo.ps1", "PowerShell", 0, 0, 0, 0, 0, 0, 0, 0, 22, 0, 5, 2, 29
"g:\School of code\SOC lessons\End Project Files\ENDPROJ\TheHackitectsFinalProjects\myapp\nodemodulesold\.bin\css-has-pseudo.cmd", "Batch", 0, 0, 0, 0, 0, 0, 0, 15, 0, 0, 0, 3, 18
"g:\School of code\SOC lessons\End Project Files\ENDPROJ\TheHackitectsFinalProjects\myapp\nodemodulesold\.bin\css-has-pseudo.ps1", "PowerShell", 0, 0, 0, 0, 0, 0, 0, 0, 22, 0, 5, 2, 29
"g:\School of code\SOC lessons\End Project Files\ENDPROJ\TheHackitectsFinalProjects\myapp\nodemodulesold\.bin\css-prefers-color-scheme.cmd", "Batch", 0, 0, 0, 0, 0, 0, 0, 15, 0, 0, 0, 3, 18
"g:\School of code\SOC lessons\End Project Files\ENDPROJ\TheHackitectsFinalProjects\myapp\nodemodulesold\.bin\css-prefers-color-scheme.ps1", "PowerShell", 0, 0, 0, 0, 0, 0, 0, 0, 22, 0, 5, 2, 29
"g:\School of code\SOC lessons\End Project Files\ENDPROJ\TheHackitectsFinalProjects\myapp\nodemodulesold\.bin\cssesc.cmd", "Batch", 0, 0, 0, 0, 0, 0, 0, 15, 0, 0, 0, 3, 18
"g:\School of code\SOC lessons\End Project Files\ENDPROJ\TheHackitectsFinalProjects\myapp\nodemodulesold\.bin\cssesc.ps1", "PowerShell", 0, 0, 0, 0, 0, 0, 0, 0, 22, 0, 5, 2, 29
"g:\School of code\SOC lessons\End Project Files\ENDPROJ\TheHackitectsFinalProjects\myapp\nodemodulesold\.bin\detect-port.cmd", "Batch", 0, 0, 0, 0, 0, 0, 0, 15, 0, 0, 0, 3, 18
"g:\School of code\SOC lessons\End Project Files\ENDPROJ\TheHackitectsFinalProjects\myapp\nodemodulesold\.bin\detect-port.ps1", "PowerShell", 0, 0, 0, 0, 0, 0, 0, 0, 22, 0, 5, 2, 29
"g:\School of code\SOC lessons\End Project Files\ENDPROJ\TheHackitectsFinalProjects\myapp\nodemodulesold\.bin\detect.cmd", "Batch", 0, 0, 0, 0, 0, 0, 0, 15, 0, 0, 0, 3, 18
"g:\School of code\SOC lessons\End Project Files\ENDPROJ\TheHackitectsFinalProjects\myapp\nodemodulesold\.bin\detect.ps1", "PowerShell", 0, 0, 0, 0, 0, 0, 0, 0, 22, 0, 5, 2, 29
"g:\School of code\SOC lessons\End Project Files\ENDPROJ\TheHackitectsFinalProjects\myapp\nodemodulesold\.bin\ejs.cmd", "Batch", 0, 0, 0, 0, 0, 0, 0, 15, 0, 0, 0, 3, 18
"g:\School of code\SOC lessons\End Project Files\ENDPROJ\TheHackitectsFinalProjects\myapp\nodemodulesold\.bin\ejs.ps1", "PowerShell", 0, 0, 0, 0, 0, 0, 0, 0, 22, 0, 5, 2, 29
"g:\School of code\SOC lessons\End Project Files\ENDPROJ\TheHackitectsFinalProjects\myapp\nodemodulesold\.bin\escodegen.cmd", "Batch", 0, 0, 0, 0, 0, 0, 0, 15, 0, 0, 0, 3, 18
"g:\School of code\SOC lessons\End Project Files\ENDPROJ\TheHackitectsFinalProjects\myapp\nodemodulesold\.bin\escodegen.ps1", "PowerShell", 0, 0, 0, 0, 0, 0, 0, 0, 22, 0, 5, 2, 29
"g:\School of code\SOC lessons\End Project Files\ENDPROJ\TheHackitectsFinalProjects\myapp\nodemodulesold\.bin\esgenerate.cmd", "Batch", 0, 0, 0, 0, 0, 0, 0, 15, 0, 0, 0, 3, 18
"g:\School of code\SOC lessons\End Project Files\ENDPROJ\TheHackitectsFinalProjects\myapp\nodemodulesold\.bin\esgenerate.ps1", "PowerShell", 0, 0, 0, 0, 0, 0, 0, 0, 22, 0, 5, 2, 29
"g:\School of code\SOC lessons\End Project Files\ENDPROJ\TheHackitectsFinalProjects\myapp\nodemodulesold\.bin\eslint.cmd", "Batch", 0, 0, 0, 0, 0, 0, 0, 15, 0, 0, 0, 3, 18
"g:\School of code\SOC lessons\End Project Files\ENDPROJ\TheHackitectsFinalProjects\myapp\nodemodulesold\.bin\eslint.ps1", "PowerShell", 0, 0, 0, 0, 0, 0, 0, 0, 22, 0, 5, 2, 29
"g:\School of code\SOC lessons\End Project Files\ENDPROJ\TheHackitectsFinalProjects\myapp\nodemodulesold\.bin\esparse.cmd", "Batch", 0, 0, 0, 0, 0, 0, 0, 15, 0, 0, 0, 3, 18
"g:\School of code\SOC lessons\End Project Files\ENDPROJ\TheHackitectsFinalProjects\myapp\nodemodulesold\.bin\esparse.ps1", "PowerShell", 0, 0, 0, 0, 0, 0, 0, 0, 22, 0, 5, 2, 29
"g:\School of code\SOC lessons\End Project Files\ENDPROJ\TheHackitectsFinalProjects\myapp\nodemodulesold\.bin\esvalidate.cmd", "Batch", 0, 0, 0, 0, 0, 0, 0, 15, 0, 0, 0, 3, 18
"g:\School of code\SOC lessons\End Project Files\ENDPROJ\TheHackitectsFinalProjects\myapp\nodemodulesold\.bin\esvalidate.ps1", "PowerShell", 0, 0, 0, 0, 0, 0, 0, 0, 22, 0, 5, 2, 29
"g:\School of code\SOC lessons\End Project Files\ENDPROJ\TheHackitectsFinalProjects\myapp\nodemodulesold\.bin\he.cmd", "Batch", 0, 0, 0, 0, 0, 0, 0, 15, 0, 0, 0, 3, 18
"g:\School of code\SOC lessons\End Project Files\ENDPROJ\TheHackitectsFinalProjects\myapp\nodemodulesold\.bin\he.ps1", "PowerShell", 0, 0, 0, 0, 0, 0, 0, 0, 22, 0, 5, 2, 29
"g:\School of code\SOC lessons\End Project Files\ENDPROJ\TheHackitectsFinalProjects\myapp\nodemodulesold\.bin\html-minifier-terser.cmd", "Batch", 0, 0, 0, 0, 0, 0, 0, 15, 0, 0, 0, 3, 18
"g:\School of code\SOC lessons\End Project Files\ENDPROJ\TheHackitectsFinalProjects\myapp\nodemodulesold\.bin\html-minifier-terser.ps1", "PowerShell", 0, 0, 0, 0, 0, 0, 0, 0, 22, 0, 5, 2, 29
"g:\School of code\SOC lessons\End Project Files\ENDPROJ\TheHackitectsFinalProjects\myapp\nodemodulesold\.bin\import-local-fixture.cmd", "Batch", 0, 0, 0, 0, 0, 0, 0, 15, 0, 0, 0, 3, 18
"g:\School of code\SOC lessons\End Project Files\ENDPROJ\TheHackitectsFinalProjects\myapp\nodemodulesold\.bin\import-local-fixture.ps1", "PowerShell", 0, 0, 0, 0, 0, 0, 0, 0, 22, 0, 5, 2, 29
"g:\School of code\SOC lessons\End Project Files\ENDPROJ\TheHackitectsFinalProjects\myapp\nodemodulesold\.bin\is-docker.cmd", "Batch", 0, 0, 0, 0, 0, 0, 0, 15, 0, 0, 0, 3, 18
"g:\School of code\SOC lessons\End Project Files\ENDPROJ\TheHackitectsFinalProjects\myapp\nodemodulesold\.bin\is-docker.ps1", "PowerShell", 0, 0, 0, 0, 0, 0, 0, 0, 22, 0, 5, 2, 29
"g:\School of code\SOC lessons\End Project Files\ENDPROJ\TheHackitectsFinalProjects\myapp\nodemodulesold\.bin\jake.cmd", "Batch", 0, 0, 0, 0, 0, 0, 0, 15, 0, 0, 0, 3, 18
"g:\School of code\SOC lessons\End Project Files\ENDPROJ\TheHackitectsFinalProjects\myapp\nodemodulesold\.bin\jake.ps1", "PowerShell", 0, 0, 0, 0, 0, 0, 0, 0, 22, 0, 5, 2, 29
"g:\School of code\SOC lessons\End Project Files\ENDPROJ\TheHackitectsFinalProjects\myapp\nodemodulesold\.bin\jest.cmd", "Batch", 0, 0, 0, 0, 0, 0, 0, 15, 0, 0, 0, 3, 18
"g:\School of code\SOC lessons\End Project Files\ENDPROJ\TheHackitectsFinalProjects\myapp\nodemodulesold\.bin\jest.ps1", "PowerShell", 0, 0, 0, 0, 0, 0, 0, 0, 22, 0, 5, 2, 29
"g:\School of code\SOC lessons\End Project Files\ENDPROJ\TheHackitectsFinalProjects\myapp\nodemodulesold\.bin\jiti.cmd", "Batch", 0, 0, 0, 0, 0, 0, 0, 15, 0, 0, 0, 3, 18
"g:\School of code\SOC lessons\End Project Files\ENDPROJ\TheHackitectsFinalProjects\myapp\nodemodulesold\.bin\jiti.ps1", "PowerShell", 0, 0, 0, 0, 0, 0, 0, 0, 22, 0, 5, 2, 29
"g:\School of code\SOC lessons\End Project Files\ENDPROJ\TheHackitectsFinalProjects\myapp\nodemodulesold\.bin\js-yaml.cmd", "Batch", 0, 0, 0, 0, 0, 0, 0, 15, 0, 0, 0, 3, 18
"g:\School of code\SOC lessons\End Project Files\ENDPROJ\TheHackitectsFinalProjects\myapp\nodemodulesold\.bin\js-yaml.ps1", "PowerShell", 0, 0, 0, 0, 0, 0, 0, 0, 22, 0, 5, 2, 29
"g:\School of code\SOC lessons\End Project Files\ENDPROJ\TheHackitectsFinalProjects\myapp\nodemodulesold\.bin\jsesc.cmd", "Batch", 0, 0, 0, 0, 0, 0, 0, 15, 0, 0, 0, 3, 18
"g:\School of code\SOC lessons\End Project Files\ENDPROJ\TheHackitectsFinalProjects\myapp\nodemodulesold\.bin\jsesc.ps1", "PowerShell", 0, 0, 0, 0, 0, 0, 0, 0, 22, 0, 5, 2, 29
"g:\School of code\SOC lessons\End Project Files\ENDPROJ\TheHackitectsFinalProjects\myapp\nodemodulesold\.bin\json5.cmd", "Batch", 0, 0, 0, 0, 0, 0, 0, 15, 0, 0, 0, 3, 18
"g:\School of code\SOC lessons\End Project Files\ENDPROJ\TheHackitectsFinalProjects\myapp\nodemodulesold\.bin\json5.ps1", "PowerShell", 0, 0, 0, 0, 0, 0, 0, 0, 22, 0, 5, 2, 29
"g:\School of code\SOC lessons\End Project Files\ENDPROJ\TheHackitectsFinalProjects\myapp\nodemodulesold\.bin\loose-envify.cmd", "Batch", 0, 0, 0, 0, 0, 0, 0, 15, 0, 0, 0, 3, 18
"g:\School of code\SOC lessons\End Project Files\ENDPROJ\TheHackitectsFinalProjects\myapp\nodemodulesold\.bin\loose-envify.ps1", "PowerShell", 0, 0, 0, 0, 0, 0, 0, 0, 22, 0, 5, 2, 29
"g:\School of code\SOC lessons\End Project Files\ENDPROJ\TheHackitectsFinalProjects\myapp\nodemodulesold\.bin\lz-string.cmd", "Batch", 0, 0, 0, 0, 0, 0, 0, 15, 0, 0, 0, 3, 18
"g:\School of code\SOC lessons\End Project Files\ENDPROJ\TheHackitectsFinalProjects\myapp\nodemodulesold\.bin\lz-string.ps1", "PowerShell", 0, 0, 0, 0, 0, 0, 0, 0, 22, 0, 5, 2, 29
"g:\School of code\SOC lessons\End Project Files\ENDPROJ\TheHackitectsFinalProjects\myapp\nodemodulesold\.bin\mime.cmd", "Batch", 0, 0, 0, 0, 0, 0, 0, 15, 0, 0, 0, 3, 18
"g:\School of code\SOC lessons\End Project Files\ENDPROJ\TheHackitectsFinalProjects\myapp\nodemodulesold\.bin\mime.ps1", "PowerShell", 0, 0, 0, 0, 0, 0, 0, 0, 22, 0, 5, 2, 29
"g:\School of code\SOC lessons\End Project Files\ENDPROJ\TheHackitectsFinalProjects\myapp\nodemodulesold\.bin\mkdirp.cmd", "Batch", 0, 0, 0, 0, 0, 0, 0, 15, 0, 0, 0, 3, 18
"g:\School of code\SOC lessons\End Project Files\ENDPROJ\TheHackitectsFinalProjects\myapp\nodemodulesold\.bin\mkdirp.ps1", "PowerShell", 0, 0, 0, 0, 0, 0, 0, 0, 22, 0, 5, 2, 29
"g:\School of code\SOC lessons\End Project Files\ENDPROJ\TheHackitectsFinalProjects\myapp\nodemodulesold\.bin\multicast-dns.cmd", "Batch", 0, 0, 0, 0, 0, 0, 0, 15, 0, 0, 0, 3, 18
"g:\School of code\SOC lessons\End Project Files\ENDPROJ\TheHackitectsFinalProjects\myapp\nodemodulesold\.bin\multicast-dns.ps1", "PowerShell", 0, 0, 0, 0, 0, 0, 0, 0, 22, 0, 5, 2, 29
"g:\School of code\SOC lessons\End Project Files\ENDPROJ\TheHackitectsFinalProjects\myapp\nodemodulesold\.bin\nanoid.cmd", "Batch", 0, 0, 0, 0, 0, 0, 0, 15, 0, 0, 0, 3, 18
"g:\School of code\SOC lessons\End Project Files\ENDPROJ\TheHackitectsFinalProjects\myapp\nodemodulesold\.bin\nanoid.ps1", "PowerShell", 0, 0, 0, 0, 0, 0, 0, 0, 22, 0, 5, 2, 29
"g:\School of code\SOC lessons\End Project Files\ENDPROJ\TheHackitectsFinalProjects\myapp\nodemodulesold\.bin\node-gyp.cmd", "Batch", 0, 0, 0, 0, 0, 0, 0, 15, 0, 0, 0, 3, 18
"g:\School of code\SOC lessons\End Project Files\ENDPROJ\TheHackitectsFinalProjects\myapp\nodemodulesold\.bin\node-gyp.ps1", "PowerShell", 0, 0, 0, 0, 0, 0, 0, 0, 22, 0, 5, 2, 29
"g:\School of code\SOC lessons\End Project Files\ENDPROJ\TheHackitectsFinalProjects\myapp\nodemodulesold\.bin\node-sass.cmd", "Batch", 0, 0, 0, 0, 0, 0, 0, 15, 0, 0, 0, 3, 18
"g:\School of code\SOC lessons\End Project Files\ENDPROJ\TheHackitectsFinalProjects\myapp\nodemodulesold\.bin\node-sass.ps1", "PowerShell", 0, 0, 0, 0, 0, 0, 0, 0, 22, 0, 5, 2, 29
"g:\School of code\SOC lessons\End Project Files\ENDPROJ\TheHackitectsFinalProjects\myapp\nodemodulesold\.bin\node-which.cmd", "Batch", 0, 0, 0, 0, 0, 0, 0, 15, 0, 0, 0, 3, 18
"g:\School of code\SOC lessons\End Project Files\ENDPROJ\TheHackitectsFinalProjects\myapp\nodemodulesold\.bin\node-which.ps1", "PowerShell", 0, 0, 0, 0, 0, 0, 0, 0, 22, 0, 5, 2, 29
"g:\School of code\SOC lessons\End Project Files\ENDPROJ\TheHackitectsFinalProjects\myapp\nodemodulesold\.bin\nopt.cmd", "Batch", 0, 0, 0, 0, 0, 0, 0, 15, 0, 0, 0, 3, 18
"g:\School of code\SOC lessons\End Project Files\ENDPROJ\TheHackitectsFinalProjects\myapp\nodemodulesold\.bin\nopt.ps1", "PowerShell", 0, 0, 0, 0, 0, 0, 0, 0, 22, 0, 5, 2, 29
"g:\School of code\SOC lessons\End Project Files\ENDPROJ\TheHackitectsFinalProjects\myapp\nodemodulesold\.bin\parser.cmd", "Batch", 0, 0, 0, 0, 0, 0, 0, 15, 0, 0, 0, 3, 18
"g:\School of code\SOC lessons\End Project Files\ENDPROJ\TheHackitectsFinalProjects\myapp\nodemodulesold\.bin\parser.ps1", "PowerShell", 0, 0, 0, 0, 0, 0, 0, 0, 22, 0, 5, 2, 29
"g:\School of code\SOC lessons\End Project Files\ENDPROJ\TheHackitectsFinalProjects\myapp\nodemodulesold\.bin\react-scripts.cmd", "Batch", 0, 0, 0, 0, 0, 0, 0, 15, 0, 0, 0, 3, 18
"g:\School of code\SOC lessons\End Project Files\ENDPROJ\TheHackitectsFinalProjects\myapp\nodemodulesold\.bin\react-scripts.ps1", "PowerShell", 0, 0, 0, 0, 0, 0, 0, 0, 22, 0, 5, 2, 29
"g:\School of code\SOC lessons\End Project Files\ENDPROJ\TheHackitectsFinalProjects\myapp\nodemodulesold\.bin\regjsparser.cmd", "Batch", 0, 0, 0, 0, 0, 0, 0, 15, 0, 0, 0, 3, 18
"g:\School of code\SOC lessons\End Project Files\ENDPROJ\TheHackitectsFinalProjects\myapp\nodemodulesold\.bin\regjsparser.ps1", "PowerShell", 0, 0, 0, 0, 0, 0, 0, 0, 22, 0, 5, 2, 29
"g:\School of code\SOC lessons\End Project Files\ENDPROJ\TheHackitectsFinalProjects\myapp\nodemodulesold\.bin\resolve.cmd", "Batch", 0, 0, 0, 0, 0, 0, 0, 15, 0, 0, 0, 3, 18
"g:\School of code\SOC lessons\End Project Files\ENDPROJ\TheHackitectsFinalProjects\myapp\nodemodulesold\.bin\resolve.ps1", "PowerShell", 0, 0, 0, 0, 0, 0, 0, 0, 22, 0, 5, 2, 29
"g:\School of code\SOC lessons\End Project Files\ENDPROJ\TheHackitectsFinalProjects\myapp\nodemodulesold\.bin\rimraf.cmd", "Batch", 0, 0, 0, 0, 0, 0, 0, 15, 0, 0, 0, 3, 18
"g:\School of code\SOC lessons\End Project Files\ENDPROJ\TheHackitectsFinalProjects\myapp\nodemodulesold\.bin\rimraf.ps1", "PowerShell", 0, 0, 0, 0, 0, 0, 0, 0, 22, 0, 5, 2, 29
"g:\School of code\SOC lessons\End Project Files\ENDPROJ\TheHackitectsFinalProjects\myapp\nodemodulesold\.bin\rollup.cmd", "Batch", 0, 0, 0, 0, 0, 0, 0, 15, 0, 0, 0, 3, 18
"g:\School of code\SOC lessons\End Project Files\ENDPROJ\TheHackitectsFinalProjects\myapp\nodemodulesold\.bin\rollup.ps1", "PowerShell", 0, 0, 0, 0, 0, 0, 0, 0, 22, 0, 5, 2, 29
"g:\School of code\SOC lessons\End Project Files\ENDPROJ\TheHackitectsFinalProjects\myapp\nodemodulesold\.bin\sassgraph.cmd", "Batch", 0, 0, 0, 0, 0, 0, 0, 15, 0, 0, 0, 3, 18
"g:\School of code\SOC lessons\End Project Files\ENDPROJ\TheHackitectsFinalProjects\myapp\nodemodulesold\.bin\sassgraph.ps1", "PowerShell", 0, 0, 0, 0, 0, 0, 0, 0, 22, 0, 5, 2, 29
"g:\School of code\SOC lessons\End Project Files\ENDPROJ\TheHackitectsFinalProjects\myapp\nodemodulesold\.bin\semver.cmd", "Batch", 0, 0, 0, 0, 0, 0, 0, 15, 0, 0, 0, 3, 18
"g:\School of code\SOC lessons\End Project Files\ENDPROJ\TheHackitectsFinalProjects\myapp\nodemodulesold\.bin\semver.ps1", "PowerShell", 0, 0, 0, 0, 0, 0, 0, 0, 22, 0, 5, 2, 29
"g:\School of code\SOC lessons\End Project Files\ENDPROJ\TheHackitectsFinalProjects\myapp\nodemodulesold\.bin\sshpk-conv.cmd", "Batch", 0, 0, 0, 0, 0, 0, 0, 15, 0, 0, 0, 3, 18
"g:\School of code\SOC lessons\End Project Files\ENDPROJ\TheHackitectsFinalProjects\myapp\nodemodulesold\.bin\sshpk-conv.ps1", "PowerShell", 0, 0, 0, 0, 0, 0, 0, 0, 22, 0, 5, 2, 29
"g:\School of code\SOC lessons\End Project Files\ENDPROJ\TheHackitectsFinalProjects\myapp\nodemodulesold\.bin\sshpk-sign.cmd", "Batch", 0, 0, 0, 0, 0, 0, 0, 15, 0, 0, 0, 3, 18
"g:\School of code\SOC lessons\End Project Files\ENDPROJ\TheHackitectsFinalProjects\myapp\nodemodulesold\.bin\sshpk-sign.ps1", "PowerShell", 0, 0, 0, 0, 0, 0, 0, 0, 22, 0, 5, 2, 29
"g:\School of code\SOC lessons\End Project Files\ENDPROJ\TheHackitectsFinalProjects\myapp\nodemodulesold\.bin\sshpk-verify.cmd", "Batch", 0, 0, 0, 0, 0, 0, 0, 15, 0, 0, 0, 3, 18
"g:\School of code\SOC lessons\End Project Files\ENDPROJ\TheHackitectsFinalProjects\myapp\nodemodulesold\.bin\sshpk-verify.ps1", "PowerShell", 0, 0, 0, 0, 0, 0, 0, 0, 22, 0, 5, 2, 29
"g:\School of code\SOC lessons\End Project Files\ENDPROJ\TheHackitectsFinalProjects\myapp\nodemodulesold\.bin\sucrase-node.cmd", "Batch", 0, 0, 0, 0, 0, 0, 0, 15, 0, 0, 0, 3, 18
"g:\School of code\SOC lessons\End Project Files\ENDPROJ\TheHackitectsFinalProjects\myapp\nodemodulesold\.bin\sucrase-node.ps1", "PowerShell", 0, 0, 0, 0, 0, 0, 0, 0, 22, 0, 5, 2, 29
"g:\School of code\SOC lessons\End Project Files\ENDPROJ\TheHackitectsFinalProjects\myapp\nodemodulesold\.bin\sucrase.cmd", "Batch", 0, 0, 0, 0, 0, 0, 0, 15, 0, 0, 0, 3, 18
"g:\School of code\SOC lessons\End Project Files\ENDPROJ\TheHackitectsFinalProjects\myapp\nodemodulesold\.bin\sucrase.ps1", "PowerShell", 0, 0, 0, 0, 0, 0, 0, 0, 22, 0, 5, 2, 29
"g:\School of code\SOC lessons\End Project Files\ENDPROJ\TheHackitectsFinalProjects\myapp\nodemodulesold\.bin\svgo.cmd", "Batch", 0, 0, 0, 0, 0, 0, 0, 15, 0, 0, 0, 3, 18
"g:\School of code\SOC lessons\End Project Files\ENDPROJ\TheHackitectsFinalProjects\myapp\nodemodulesold\.bin\svgo.ps1", "PowerShell", 0, 0, 0, 0, 0, 0, 0, 0, 22, 0, 5, 2, 29
"g:\School of code\SOC lessons\End Project Files\ENDPROJ\TheHackitectsFinalProjects\myapp\nodemodulesold\.bin\tailwind.cmd", "Batch", 0, 0, 0, 0, 0, 0, 0, 15, 0, 0, 0, 3, 18
"g:\School of code\SOC lessons\End Project Files\ENDPROJ\TheHackitectsFinalProjects\myapp\nodemodulesold\.bin\tailwind.ps1", "PowerShell", 0, 0, 0, 0, 0, 0, 0, 0, 22, 0, 5, 2, 29
"g:\School of code\SOC lessons\End Project Files\ENDPROJ\TheHackitectsFinalProjects\myapp\nodemodulesold\.bin\tailwindcss.cmd", "Batch", 0, 0, 0, 0, 0, 0, 0, 15, 0, 0, 0, 3, 18
"g:\School of code\SOC lessons\End Project Files\ENDPROJ\TheHackitectsFinalProjects\myapp\nodemodulesold\.bin\tailwindcss.ps1", "PowerShell", 0, 0, 0, 0, 0, 0, 0, 0, 22, 0, 5, 2, 29
"g:\School of code\SOC lessons\End Project Files\ENDPROJ\TheHackitectsFinalProjects\myapp\nodemodulesold\.bin\terser.cmd", "Batch", 0, 0, 0, 0, 0, 0, 0, 15, 0, 0, 0, 3, 18
"g:\School of code\SOC lessons\End Project Files\ENDPROJ\TheHackitectsFinalProjects\myapp\nodemodulesold\.bin\terser.ps1", "PowerShell", 0, 0, 0, 0, 0, 0, 0, 0, 22, 0, 5, 2, 29
"g:\School of code\SOC lessons\End Project Files\ENDPROJ\TheHackitectsFinalProjects\myapp\nodemodulesold\.bin\tsc.cmd", "Batch", 0, 0, 0, 0, 0, 0, 0, 15, 0, 0, 0, 3, 18
"g:\School of code\SOC lessons\End Project Files\ENDPROJ\TheHackitectsFinalProjects\myapp\nodemodulesold\.bin\tsc.ps1", "PowerShell", 0, 0, 0, 0, 0, 0, 0, 0, 22, 0, 5, 2, 29
"g:\School of code\SOC lessons\End Project Files\ENDPROJ\TheHackitectsFinalProjects\myapp\nodemodulesold\.bin\tsserver.cmd", "Batch", 0, 0, 0, 0, 0, 0, 0, 15, 0, 0, 0, 3, 18
"g:\School of code\SOC lessons\End Project Files\ENDPROJ\TheHackitectsFinalProjects\myapp\nodemodulesold\.bin\tsserver.ps1", "PowerShell", 0, 0, 0, 0, 0, 0, 0, 0, 22, 0, 5, 2, 29
"g:\School of code\SOC lessons\End Project Files\ENDPROJ\TheHackitectsFinalProjects\myapp\nodemodulesold\.bin\update-browserslist-db.cmd", "Batch", 0, 0, 0, 0, 0, 0, 0, 15, 0, 0, 0, 3, 18
"g:\School of code\SOC lessons\End Project Files\ENDPROJ\TheHackitectsFinalProjects\myapp\nodemodulesold\.bin\update-browserslist-db.ps1", "PowerShell", 0, 0, 0, 0, 0, 0, 0, 0, 22, 0, 5, 2, 29
"g:\School of code\SOC lessons\End Project Files\ENDPROJ\TheHackitectsFinalProjects\myapp\nodemodulesold\.bin\uuid.cmd", "Batch", 0, 0, 0, 0, 0, 0, 0, 15, 0, 0, 0, 3, 18
"g:\School of code\SOC lessons\End Project Files\ENDPROJ\TheHackitectsFinalProjects\myapp\nodemodulesold\.bin\uuid.ps1", "PowerShell", 0, 0, 0, 0, 0, 0, 0, 0, 22, 0, 5, 2, 29
"g:\School of code\SOC lessons\End Project Files\ENDPROJ\TheHackitectsFinalProjects\myapp\nodemodulesold\.bin\webpack-dev-server.cmd", "Batch", 0, 0, 0, 0, 0, 0, 0, 15, 0, 0, 0, 3, 18
"g:\School of code\SOC lessons\End Project Files\ENDPROJ\TheHackitectsFinalProjects\myapp\nodemodulesold\.bin\webpack-dev-server.ps1", "PowerShell", 0, 0, 0, 0, 0, 0, 0, 0, 22, 0, 5, 2, 29
"g:\School of code\SOC lessons\End Project Files\ENDPROJ\TheHackitectsFinalProjects\myapp\nodemodulesold\.bin\webpack.cmd", "Batch", 0, 0, 0, 0, 0, 0, 0, 15, 0, 0, 0, 3, 18
"g:\School of code\SOC lessons\End Project Files\ENDPROJ\TheHackitectsFinalProjects\myapp\nodemodulesold\.bin\webpack.ps1", "PowerShell", 0, 0, 0, 0, 0, 0, 0, 0, 22, 0, 5, 2, 29
"g:\School of code\SOC lessons\End Project Files\ENDPROJ\TheHackitectsFinalProjects\myapp\package-lock.json", "JSON", 0, 17397, 0, 0, 0, 0, 0, 0, 0, 0, 0, 1, 17398
"g:\School of code\SOC lessons\End Project Files\ENDPROJ\TheHackitectsFinalProjects\myapp\package.json", "JSON", 0, 61, 0, 0, 0, 0, 0, 0, 0, 0, 0, 1, 62
"g:\School of code\SOC lessons\End Project Files\ENDPROJ\TheHackitectsFinalProjects\myapp\playwright.config.js", "JavaScript", 26, 0, 0, 0, 0, 0, 0, 0, 0, 0, 43, 10, 79
"g:\School of code\SOC lessons\End Project Files\ENDPROJ\TheHackitectsFinalProjects\myapp\public\index.html", "HTML", 0, 0, 0, 21, 0, 0, 0, 0, 0, 0, 23, 1, 45
"g:\School of code\SOC lessons\End Project Files\ENDPROJ\TheHackitectsFinalProjects\myapp\public\manifest.json", "JSON", 0, 25, 0, 0, 0, 0, 0, 0, 0, 0, 0, 1, 26
"g:\School of code\SOC lessons\End Project Files\ENDPROJ\TheHackitectsFinalProjects\myapp\src\App.css", "CSS", 0, 0, 0, 0, 3, 0, 0, 0, 0, 0, 38, 2, 43
"g:\School of code\SOC lessons\End Project Files\ENDPROJ\TheHackitectsFinalProjects\myapp\src\App.js", "JavaScript", 75, 0, 0, 0, 0, 0, 0, 0, 0, 0, 0, 15, 90
"g:\School of code\SOC lessons\End Project Files\ENDPROJ\TheHackitectsFinalProjects\myapp\src\App.test.js", "JavaScript", 7, 0, 0, 0, 0, 0, 0, 0, 0, 0, 0, 3, 10
"g:\School of code\SOC lessons\End Project Files\ENDPROJ\TheHackitectsFinalProjects\myapp\src\components\AboutUs\AboutUs.css", "CSS", 0, 0, 0, 0, 167, 0, 0, 0, 0, 0, 3, 17, 187
"g:\School of code\SOC lessons\End Project Files\ENDPROJ\TheHackitectsFinalProjects\myapp\src\components\AboutUs\AboutUs.js", "JavaScript", 74, 0, 0, 0, 0, 0, 0, 0, 0, 0, 1, 6, 81
"g:\School of code\SOC lessons\End Project Files\ENDPROJ\TheHackitectsFinalProjects\myapp\src\components\AdoptMeButton\AdoptMeButton.css", "CSS", 0, 0, 0, 0, 0, 0, 0, 0, 0, 0, 0, 1, 1
"g:\School of code\SOC lessons\End Project Files\ENDPROJ\TheHackitectsFinalProjects\myapp\src\components\AdoptMeButton\AdoptMeButton.js", "JavaScript", 6, 0, 0, 0, 0, 0, 0, 0, 0, 0, 0, 2, 8
"g:\School of code\SOC lessons\End Project Files\ENDPROJ\TheHackitectsFinalProjects\myapp\src\components\ApplicationForm\ApplicationForm.css", "CSS", 0, 0, 0, 0, 37, 0, 0, 0, 0, 0, 0, 5, 42
"g:\School of code\SOC lessons\End Project Files\ENDPROJ\TheHackitectsFinalProjects\myapp\src\components\ApplicationForm\ApplicationForm.js", "JavaScript", 72, 0, 0, 0, 0, 0, 0, 0, 0, 0, 81, 11, 164
"g:\School of code\SOC lessons\End Project Files\ENDPROJ\TheHackitectsFinalProjects\myapp\src\components\ApplicationForm\Form.css", "CSS", 0, 0, 0, 0, 59, 0, 0, 0, 0, 0, 21, 8, 88
"g:\School of code\SOC lessons\End Project Files\ENDPROJ\TheHackitectsFinalProjects\myapp\src\components\ApplicationForm\Form.js", "JavaScript", 119, 0, 0, 0, 0, 0, 0, 0, 0, 0, 37, 7, 163
"g:\School of code\SOC lessons\End Project Files\ENDPROJ\TheHackitectsFinalProjects\myapp\src\components\ConfirmationScreen\ConfirmationScreen.css", "CSS", 0, 0, 0, 0, 44, 0, 0, 0, 0, 0, 12, 13, 69
"g:\School of code\SOC lessons\End Project Files\ENDPROJ\TheHackitectsFinalProjects\myapp\src\components\ConfirmationScreen\ConfirmationScreen.js", "JavaScript", 34, 0, 0, 0, 0, 0, 0, 0, 0, 0, 4, 1, 39
"g:\School of code\SOC lessons\End Project Files\ENDPROJ\TheHackitectsFinalProjects\myapp\src\components\DogCard\DogCard.css", "CSS", 0, 0, 0, 0, 81, 0, 0, 0, 0, 0, 6, 14, 101
"g:\School of code\SOC lessons\End Project Files\ENDPROJ\TheHackitectsFinalProjects\myapp\src\components\DogCard\DogCard.js", "JavaScript", 43, 0, 0, 0, 0, 0, 0, 0, 0, 0, 57, 5, 105
"g:\School of code\SOC lessons\End Project Files\ENDPROJ\TheHackitectsFinalProjects\myapp\src\components\DogGrid\DogGrid.css", "CSS", 0, 0, 0, 0, 0, 0, 0, 0, 0, 0, 0, 1, 1
"g:\School of code\SOC lessons\End Project Files\ENDPROJ\TheHackitectsFinalProjects\myapp\src\components\DogGrid\DogGrid.js", "JavaScript", 6, 0, 0, 0, 0, 0, 0, 0, 0, 0, 0, 2, 8
"g:\School of code\SOC lessons\End Project Files\ENDPROJ\TheHackitectsFinalProjects\myapp\src\components\DogProfile\DogProfile.css", "CSS", 0, 0, 0, 0, 162, 0, 0, 0, 0, 0, 85, 45, 292
"g:\School of code\SOC lessons\End Project Files\ENDPROJ\TheHackitectsFinalProjects\myapp\src\components\DogProfile\DogProfile.js", "JavaScript", 114, 0, 0, 0, 0, 0, 0, 0, 0, 0, 4, 15, 133
"g:\School of code\SOC lessons\End Project Files\ENDPROJ\TheHackitectsFinalProjects\myapp\src\components\DogProfile\PhotoCarousel.js", "JavaScript", 68, 0, 0, 0, 0, 0, 0, 0, 0, 0, 5, 8, 81
"g:\School of code\SOC lessons\End Project Files\ENDPROJ\TheHackitectsFinalProjects\myapp\src\components\Footer\Footer1.css", "CSS", 0, 0, 0, 0, 71, 0, 0, 0, 0, 0, 3, 4, 78
"g:\School of code\SOC lessons\End Project Files\ENDPROJ\TheHackitectsFinalProjects\myapp\src\components\Footer\Footer1.js", "JavaScript", 52, 0, 0, 0, 0, 0, 0, 0, 0, 0, 16, 1, 69
"g:\School of code\SOC lessons\End Project Files\ENDPROJ\TheHackitectsFinalProjects\myapp\src\components\HomePage\Filter.css", "CSS", 0, 0, 0, 0, 21, 0, 0, 0, 0, 0, 5, 5, 31
"g:\School of code\SOC lessons\End Project Files\ENDPROJ\TheHackitectsFinalProjects\myapp\src\components\HomePage\Filter.js", "JavaScript", 116, 0, 0, 0, 0, 0, 0, 0, 0, 0, 6, 8, 130
"g:\School of code\SOC lessons\End Project Files\ENDPROJ\TheHackitectsFinalProjects\myapp\src\components\HomePage\HomePage.css", "CSS", 0, 0, 0, 0, 76, 0, 0, 0, 0, 0, 4, 11, 91
"g:\School of code\SOC lessons\End Project Files\ENDPROJ\TheHackitectsFinalProjects\myapp\src\components\HomePage\HomePage.js", "JavaScript", 30, 0, 0, 0, 0, 0, 0, 0, 0, 0, 2, 6, 38
"g:\School of code\SOC lessons\End Project Files\ENDPROJ\TheHackitectsFinalProjects\myapp\src\components\InfoPack\InfoPack.css", "CSS", 0, 0, 0, 0, 496, 0, 0, 0, 0, 0, 14, 72, 582
"g:\School of code\SOC lessons\End Project Files\ENDPROJ\TheHackitectsFinalProjects\myapp\src\components\InfoPack\InfoPack.js", "JavaScript", 113, 0, 0, 0, 0, 0, 0, 0, 0, 0, 1, 5, 119
"g:\School of code\SOC lessons\End Project Files\ENDPROJ\TheHackitectsFinalProjects\myapp\src\components\NavBar\NavBar.css", "CSS", 0, 0, 0, 0, 294, 0, 0, 0, 0, 0, 1, 10, 305
"g:\School of code\SOC lessons\End Project Files\ENDPROJ\TheHackitectsFinalProjects\myapp\src\components\NavBar\NavBar.js", "JavaScript", 56, 0, 0, 0, 0, 0, 0, 0, 0, 0, 0, 8, 64
"g:\School of code\SOC lessons\End Project Files\ENDPROJ\TheHackitectsFinalProjects\myapp\src\components\SubmitForAdoption\Login.css", "CSS", 0, 0, 0, 0, 28, 0, 0, 0, 0, 0, 1, 5, 34
"g:\School of code\SOC lessons\End Project Files\ENDPROJ\TheHackitectsFinalProjects\myapp\src\components\SubmitForAdoption\Login.js", "JavaScript", 46, 0, 0, 0, 0, 0, 0, 0, 0, 0, 0, 7, 53
"g:\School of code\SOC lessons\End Project Files\ENDPROJ\TheHackitectsFinalProjects\myapp\src\components\SubmitForAdoption\SubmitForAdoption.css", "CSS", 0, 0, 0, 0, 9, 0, 0, 0, 0, 0, 0, 2, 11
"g:\School of code\SOC lessons\End Project Files\ENDPROJ\TheHackitectsFinalProjects\myapp\src\components\SubmitForAdoption\SubmitForAdoption.js", "JavaScript", 141, 0, 0, 0, 0, 0, 0, 0, 0, 0, 17, 15, 173
"g:\School of code\SOC lessons\End Project Files\ENDPROJ\TheHackitectsFinalProjects\myapp\src\components\Swiper\Swiper.css", "CSS", 0, 0, 0, 0, 29, 0, 0, 0, 0, 0, 8, 5, 42
"g:\School of code\SOC lessons\End Project Files\ENDPROJ\TheHackitectsFinalProjects\myapp\src\components\Swiper\Swiper.js", "JavaScript", 38, 0, 0, 0, 0, 0, 0, 0, 0, 0, 5, 8, 51
"g:\School of code\SOC lessons\End Project Files\ENDPROJ\TheHackitectsFinalProjects\myapp\src\index.css", "CSS", 0, 0, 0, 0, 12, 0, 0, 0, 0, 0, 0, 2, 14
"g:\School of code\SOC lessons\End Project Files\ENDPROJ\TheHackitectsFinalProjects\myapp\src\index.js", "JavaScript", 11, 0, 0, 0, 0, 0, 0, 0, 0, 0, 0, 2, 13
"g:\School of code\SOC lessons\End Project Files\ENDPROJ\TheHackitectsFinalProjects\myapp\src\logo.svg", "XML", 0, 0, 0, 0, 0, 0, 0, 0, 0, 1, 0, 0, 1
"g:\School of code\SOC lessons\End Project Files\ENDPROJ\TheHackitectsFinalProjects\myapp\src\reportWebVitals.js", "JavaScript", 12, 0, 0, 0, 0, 0, 0, 0, 0, 0, 0, 2, 14
"g:\School of code\SOC lessons\End Project Files\ENDPROJ\TheHackitectsFinalProjects\myapp\src\setupTests.js", "JavaScript", 1, 0, 0, 0, 0, 0, 0, 0, 0, 0, 4, 1, 6
"g:\School of code\SOC lessons\End Project Files\ENDPROJ\TheHackitectsFinalProjects\myapp\test\applicationform.spec.js", "JavaScript", 27, 0, 0, 0, 0, 0, 0, 0, 0, 0, 2, 5, 34
"g:\School of code\SOC lessons\End Project Files\ENDPROJ\TheHackitectsFinalProjects\myapp\test\test-1.spec.ts", "TypeScript", 0, 0, 3, 0, 0, 0, 0, 0, 0, 0, 1, 1, 5
"g:\School of code\SOC lessons\End Project Files\ENDPROJ\TheHackitectsFinalProjects\myapp\test\testingfiles.spec.js", "JavaScript", 31, 0, 0, 0, 0, 0, 0, 0, 0, 0, 4, 10, 45
"Total", "-", 1318, 17483, 3, 21, 1589, 27, 38, 900, 1320, 1, 814, 724, 24238